song_title,song_lyrics,song_artist
Hands Up,"[Hook]  Hands up  Coming with rhythms to make you head jerk  We makin' the whole joint short circuit   Hands high touch the sky get 'em up  Get 'em [x7]    We gone make you move  We gone make you hot  Elbows above your head peoples  We holdin' up the spot   We gone get it goin' even if y'all don't be knowin'  'Cuz this shit that we throwing get you going gone retarded  Started up, bangin' out hits  Now we're chartin' up  Didn't mean to bump you, pardon us  Diggin' this cut 'cause we sharpened up  You dumbing it down, we smartened it up  We penetrate even though your guard was up  Get down to the Peas 'cuz we fallin' up  Electric 'cuz we like charging up  We the B E Peas uh  Rhythmic sonic pleaser  Getcha hot like fever, boiling two hundred degrees ah  You're burning up  Heat's getting low let me turn it up  Let me f*ck you up your ear 'til my sperm is up in your brain  And the baby Wil I Am's be sayin'    [Hook]    Tabamatic oh man you flows  Deeper than Atlantic O's   A-pl-de Ap got ridiculous flows  Catchin' rhythm makin' 'em grow  Mathematic A-pl will go  Up in the scene we original   You know what I mean be, be mineral   Stormin' strong for my several   Barricade laid for you terribles ho  I'm the chief Fil-I-pi-no  Letting you know we're about to blow  Wil-I-Am, Ap, and Tab double O  Set 'em up, set ' em up, set 'em up  Time for us to raise it up  Never goin' down always headed up  Raise your hands 'cuz we blaze it up  Anybody here who waited long  To you I dedicate this song  Ain't nothing wrong gotta make you right  Straight to the point this is the new joint  And you know this is the jam y'all  Come on down and dance y'all   Have ball y'all throw you hands up    [Hook]    [Break]  Black Eyed Peas will announce  Somethin' you can't avoid   You need to b-b-b-bounce to this  B-b-b-b-b-b-bounce to our joint  We come with more than an ounce   More like a ton full of noise   So b-b-b-bounce to this  B-b-b-b-b-b-bounce to our joint  We came to getcha, getcha   Bouncin' so getch, getcha ass up  We gotcha, gotcha movin' let's make it hotter  Hotter than molted lava  Bubbling like boiling water ah    [Hook]",Black Eye Peas
Labor Day (It's a Holiday),"When I step in the room  I bring the heat like the month of June  Crank the vibe, you make the bass go boom  Wil' out like we some wild baboon  We go bananas to the tune  I want to throw bows  Give me elbow room (move nigga)  When I'm out...  I'm ready to consume  Let's hit the sun roof cuz...  It's a holiday all we has to celebrate  And that's the way we do it  Don't ask why we do it  That's just the way it be  Lovin double D's up at the A D  When I partyin' in Hollywood VIP  I don't understand this TOD     [Chorus]  We party forever  We get down together  We don't stop, no!  And we don't quit  Let's get it going cause you know we gonna celebrate  창??Cuz its a holiday  I don't work today   Or the next three days  So let's celebrate  It's a holiday  I don't work today   Nooooooooooo  All we has to celebrate     It's time to celebrate  Servin' up heat rocks on a hot plate  Like that y'all  It's a festive date  Make it go ape  And raise your heart rate  We gonna stay out late  Party till the mornin' and wake up late  We do it to the day break   Go on and on then on and on and...  Dance to my rhyme  I can holla a capellas def till ya blind  You're mine baby   Take you to the width of your behind baby  Take a sip of mo' and just recline baby  Cock me back and stroke my 9 baby  We don't stop girl  We don't quit, no!  We dont' quit, no!  We don't quit     [Chorus]     [Break]  Don't stop it, just push it  Don't stop it, just push it  Move your body and push it   Get naughty and push it  We gonna party and push it  We gonna party and push it  Move your body and push it  Get naughty and push it  창??Cuz it's a holiday all we has to celebrate    It's time to get wasted   And scope the whole place  For girls with cute faces  창??Cuz I see some fly mamas  So pack your pajamas  But don't bring the drama  But you can bring you melody  I'll plug in my mic and sing my harmony  La la la la  Oh how many times we gonna hit it  How many times we gonna split it  How many times she gonna get it  Or else you are gonna  When I comes over  You're gonna have to wanna...  창??Cuz I'm the alligator champ  Drivin' a train   Drivin' a train  Or you can put your friend   On the Swiss malane  And get buddy buddy  With your friend Mary Jane  She really blows my brain  She really blows my brain     [Chorus]     (So we do it every day  So we do it every night  And we do it in the club  Yeah, ugh, it's my birthday)",Black Eye Peas
Let's Get Retarded,"Let's get retarded in here  And the bass keeps running, running and runnin runnin' And runnin' runnin' and runnin' runnin' and runnin' runnin' And runnin' runnin' and runnin' runnin, and runnin' runnnin' and  In this context, there's no disrespect So when I bust my rhyme, you break ya necks We got five minutes for us to disconnect From all intellect and let the rhythm effect  Obstacles and inhibition follow your intuition Free your inner soul and break away from tradition Cause when we be out, girlie's pull their weave out You wouldn't believe how we wow shit out Burnin 'til it's burned out, turn it 'til it's turned out Act up from North West East South  Everbody, everybody, just get into it, get stupid Get retarded, get retarded, get retarded Let's get retarded, (ha) let's get retarded (in here) Let's get retarded, (ha) let's get retarded (in here) Let's get retarded, (ha) let's get retarded (in here) Let's get retarded, (ha) let's get retarded (in here) yeah  Lose control, up outta your soul Don't move to fast, people, just take it slow Don't get ahead, just jump into it Y'all hear about it, the peas will do it Get started, get stupid Don't worry about it, people will walk you through it Step by step like your into new kid Inch by inch with the new solution Transmit hits with no delusion The feeling's irresistible and thats how we move it  Everbody, everybody, just get into it, get stupid Get retarded, get retarded, get retarded Let's get retarded, (ha) let's get retarded (in here) Let's get retarded, (ha) let's get retarded (in here) Let's get retarded, (ha) let's get retarded (in here) Let's get retarded, (ha) let's get retarded (in here) yeah  Runnin' runnin' and runnin' runnin' and runnin' runnin'  Come on y'all, let's get (cuckoo), let's get (cuckoo) in here Why not get (cuckoo), let's get (cuckoo) in here Why not get (cuckoo), let's get (cuckoo) in here  Ohh ohh ohh, yada, yada, yada, yada, yada, yada, yada Yada, yada, yada, yada, yada, yada, yada, yada, yada  Let's get ill, thats the deal Apple the gate, and Will bring the thugged out drill (just) Lose your mind, this is the time Y'all can't stand still, trust and bang your spine (just) Bob your head like epilepsy Up inside the club or in your Bentley Get messy, loud and sick You mind pass normal or another head trip So, come them now, do not correct it Let's get ignorant, let's get hectic  Everybody, everybody, just get into it, get stupid Get retarded, get retarded, get retarded Let's get retarded, (ha) let's get retarded (in here) Let's get retarded, (ha) let's get retarded (in here) Let's get retarded, (ha) let's get retarded (in here) Let's get retarded, (ha) let's get retarded (in here) yeah  Whoa, cuckoo, cuckoo, in here Let's get cuckoo, cuckoo in here Let's get cuckoo, cuckoo in here Ohh ohh ohh, yada, yada, yada, yada, yada, yada, yada Yada, yada, yada, yada, yada, yada, yada, yada, yada  And runnin' runnin' and runnin' runnin' and runnin' runnin' and",Black Eye Peas
Hey Mama,"(La, la, la, la, la) Hey mama, it's that shit that makes you move, mama Get on the floor and move your booty, mama We the blast masters blastin' up the jamma (Rewind) Cutie cutie, make sure you move your booty Shake that thing like we in the city of sin, and Hey shorty, I know you wanna party The way your body look really make me feel naughty Cutie cutie, make sure you move your booty Shake that thing like we in the city of sin, and Hey shorty, I know you wanna party The way your body look really make me feel naughty  I got a naughty naughty style and a naughty naughty crew But everything I do, I do just for you I'm a little bit of Or, and a bigger bit of Nu The true niggers know that the peas come through We never cease (no), we never die no we never disease(no) We multiply like we mathematics Then we drop bombs like we in the middle east (The bomb bombas, the base move dramas) Nah y'all knaw, who we are Y'all knaw, we the stars Steady rockin' on y'alls boulevards And, lookin' hot without body guards (I do) what I can (Y'all come through) Will.i.am And still I stand, with still mic in hand (So come on mama, dance to the druma)  Hey mama, this that shit that make you groove, mama (Hey) Get on the floor and move your booty, mama (Yaw) We the blast mastas blastin' up the jamma (Hey) So shake your bambama, come on now mama Hey mama, this that shit that make you groove, mama (Hey) Get on the floor and move your booty, mama (Yaw) we the blast mastas blastin' up the jamma (La, la, la, la, la)  We the big town stumpas, and and big sound pumpas The beat bump bumpas in your trunk trunkas The girlies in the club with the big plump plumpas And when I'm makin' love, my hip hump humps It never quits (no) we need to carry 9mm clips (no) Don't wanna squize trigger, just wanna squeeze tits (Lubaluba) 'Cause we the show stoppas And the chief rockas, number one chief rockas Naw y'all knaw, who we are Y'all knaw, we the stars Steady rockin' on y'alls boulevards How we rockin' it girl, without body guards Now she be, Fergie from the crew bep, come and take heed, as we take the lead (So come on bubba, dance to the druma)  Hey mama, this that shit that make you groove, mama (Yaw) Get on the floor and move your booty, mama (Yuh) We the blast mastas blastin' up the jamma (Nah, nah) Cutie cutie, make sure you move your booty Shake that thing like we in the city of sin, and Hey shorty, I know you wanna party The way your body look really make me feel naughty  But the race is not, for the Swiss But who really can, take control of it And tippa irie and the black eyed peas will be there 'Til infiniti, 'til infiniti, 'til infiniti, 'til infiniti Tippa is out  Nosa dima shock, nosa dima ting Every time you sit there I hear, bling bling O wata ting, hear blacka sing Grinding, and winding And the madda be moving in a perfect timing And we dance and dance to the end of the thing And we're really to nice, it finga akin Like rice and peas and chicken and bling  Hey mama, this that shit that make you groove, mama (Hey) Get on the floor and move your booty mama (Yaw) We the blast mastas blastin' up the jamma (Hey) So shake your bambama, come on now mama Hey mama, this that shit that make you groove, mama (Hey) Get on the floor and move your booty mama (Yaw) We the blast mastas blastin' up the jamma (la la la la la)",Black Eye Peas
Shut Up,"Shut up, just shut up, shut up Shut up, just shut up, shut up Shut up, just shut up, shut up Shut it up, just shut up, shut up Shut up, just shut up, shut up Shut up, just shut up, shut up (oh no) Shut up, just shut up, shut up Shut it up, just shut up, shut up  We try to take it slow But we're still losin' control And we try to make it work But it still ends up the worst, and I'm crazy For tryna be your lady I think I'm goin' crazy  Girl, me and you were just fine, you know We wine and dine Did them things that couples do when in love (you know) Walks on the beach and stuff (you know) Things that lovers say and do I love you boo, I love you too I miss you a lot, I miss you even more That's why I flew you out when we was on tour But then something got outta hand You start yellin' when I'm with my friends Even though I had legitimate reasons (bullshit) You know I have to make them dividends (bullshit) How could you trust your private eyes, girl? That's why you don't believe my lies, and quick to say  Shut up, just shut up, shut up Shut it up, just shut up, shut up We try to take it slow But we're still losin' control And we try to make it work But it still ends up the worst, and I'm crazy For tryna be your lady I think I'm goin' crazy  Why does emotion gotta move so fast? Love is progress if you could make it last Why is it that you just lose control? Every time you agree on takin' it slow So why is it got to be so damn tough? 'Cause fools in lust could never get enough of love Showin' him the love that you be givin' Changing up your livin' for a lovin' transition Girl, it's a mission tryna get you to listen We mad at each other has become our tradition You yell, I yell, everybody yells Got neighbors across the street sayin' ""Who the hell?"" Who the hell? What the hell's goin' down? Too much of the bickering Kill it with the sound and  Shut up, just shut up, shut up Shut it up, just shut up, shut up We try to take it slow But we're still losin' control And we try to make it work But it still ends up the worst And I'm crazy (for what?) (Crazy for what?) For tryna be your lady (oh yeah) I think I'm goin' crazy  Shut up, just shut up, shut up (what?) Shut up, just shut up, shut up (whatcha say?) Shut up, just shut up, shut up (what?) Shut it up, just shut up, shut up (girl, whatcha say?) Shut up, just shut up, shut up (girl, whatcha say?) Shut up, just shut up, shut up (no, girl) Shut up, just shut up, shut up Shut it up, just shut up, shut up  Girl, our love is dying Why did you stop tryin' I never been a quiter But I do deserve better Believe me I will do bad Let's forget the past and start this new plan Why? 'Cause it's the same old routine And then next week I hear them scream Girl, I know you're tired of the things they say You're damn right 'Cause I heard them lame dame excuses just yesterday That was a different thing No, it ain't That was a different thing No, it ain't That was a different thing It was the same damn thing Same ass excuses Boy you're useless Woah, oh  Shut up, just shut up, shut up Shut up, just shut up, shut up Shut up, just shut up, shut up Shut it up, just shut up, shut up Shut up, just shut up, shut up (Don't go now, no please, I don't know) Shut up, just shut up, shut up (oh no) Shut up, just shut up, shut up Shut it up, just shut up, shut up  Stop the talking, baby Or I start walking, baby Stop the talking, baby (yeah, yeah) Or I start walking, baby Stop the talking, baby Or I start walking, baby Stop the talking, baby (no, oh, oh, oh) Or I start walking, baby Stop the talking, baby (is that all there is?) Or I start walking, baby Stop the talking, baby (is that all there is?) Or I start walking, baby Stop the talking, baby (is that all there is?) Or I start walking, baby Stop the talking, baby (is that all there is?) Or I start walking, baby Stop the talking, baby (is that all there is?) Or I start walking, baby Stop your yapping, baby (is that all there is?) Look what happened, baby Stop the talking, baby (is that all there is?) Or I start walking, baby Stop your yapping, baby (is that all there is?) Look what happened, baby Is that all there is? Is that all there is? Is that all there is? Is that all there is?",Black Eye Peas
Smells Like Funk,"Yeah that's funky (funky) Yeah that's funky (funky) Yeah that's funky (funky)   [Chorus] If it smells like funk it must be us Funk funk out chickies dank your stuff  If it smells like funk it must be us Funk funk out chickies dank your stuff  If it smells like funk it must be us Funk funk out chickies dank your stuff If it smells like funk it must be us Cause nobody's funky as us Cause we keep it stinky, (stinky) We keep it stinky ( stinky) We keep it stinky (stinky) stinky stinky stinky  The funk phenomenon We funk you on and on  There's no need to hold your nose Cause this funk stink like a rose Big booty funk toe jam funk underarm funk  Like you headlockin' a skunk Reakin' like disease, athletes feet The stench didn't come 'til after this beat Smellin' like draw's, no reason no cause Put your hands up on the speaker And get smelly like ours You knew we was coming  Before we entered the door Cause you was smellin' rhyme When we walkin' down the hall We bring the funk worse than we dog Stinkin' like that ladies shittin' out We drop enough shit to keep the toilets clogged To keep the people jumpin'  Like them in full force The first one who smelt it, is the one who dealt it The Black Eyed Peas keep the scent fly like Delta Funky like onions, you cryin' (You always cryin') girl you ain't   [Chorus]   Yo, you funkin' with the funk family The non-fabricated factual faculty We formulatin' up in a factory Focusin' on a the energy, the fluid flow free We flawless, everything is flaw free We flourish and we flaunt our flavor freshly Can you believe we flipped the frequency And freakin c's they all leave frantically But our intentions are to be friendly But they frighten when we start the free stylin' frenzy I funk up your flat 'til your girlfriend leave Fillin' all anatomy Bringin'  me flat Should be diggin' these rhymes fatty beats like cellulite Lyrics all flappy We bring the funk to your festivities If you think something stink, it must be the Peas   [Chorus]   Cellulite overweight stinkin' MC's Stench smell so strong its unsanitary Cause you sense me a mile away So junky the funk sound from Serengeti Meaty fat nasty like Miss Fat Booty Stripes getting dirty like mud fights and dirt bikes Turning these draw's black that's used to be white And shittin' on these tracks that you gonna need to wipe The odours so contagious that it shows up in your dreams Man you can pick me out like food in between Your two front teeth 'cause you be like in the streets We got beefy ass beats that we bumpin' in the street We salty not sweet like stink box of feet Sour underarm funky, we ain't washed in a week Now man we be reakin' every damn weekend We can all bounce to the funk and the season   [Bridge] Bounce, bounce, bounce Yeah that's funky Yeah that's funky If you smellin' somethin' funky  Then you know it got to be  Nobody other than Apl Well, let's say funk Cause you know that if you  Smell funk, then it must be us If you smellin' fat funk then it must be us   If you smellin' somethin' funky Then you know it got to be Nobody other than Apl Well, let's say funk Cause you know that if  It smells like funk Smellin' elephants, than it must be us   If you smellin' somethin' funky Then you know it got to be Nobody other than Apl Well, let's say funk Cause you know that if  It smells like funk  Elephant shit, it must be us   Elephant, it's what you want Cellulite, it's all right Elephant, it's what you want Cellulite, it's all right   Some thing's that are fat you should not get rid of But there is some fat you should burn...",Black Eye Peas
Latin Girls,"[Chorus:] Cuban girls Cuban girls  Puerto Rican girls Puerto Rican girls Mexican girls Mexican girls Spanish girls Spanish girls I like 'em girls, girls  Latin girls, Latin girls  Latin girls, what's happenin' girls  What's happenin' girls, what's happenin'?  I like Latin, them Latin women An' they love me 'cause  I'm that man with  Coconuts and chocolate skin I'm that mocha masculine  Feminines that are Latin Call your friends and call your cousins Cause I know you got dozens of them Marias, Elizabeth, Sonias, and Blancas When I see you, you can get boned if you want to Yo quiero and I'm sincero If you never had an eechee  Let me be your primo We could hit the channel, we can dance the bolero Have a shopping spree and you can spend my dinero but I wish you was more like J. Lo 'cause  Love don't cost a thing So won't you let this king Love the queen of Argentina  Girl you know you know what I mean Cause I like them  [Chorus]  Que on da quieres con mi Mira mucha cha esto para ti Latina chichana por mi Mas finas me gustan asi Mira a, mira a mami Esperate, esperate, esperate aqui  We could connect and act humanly  Indulge in animalistic swing We could have conversation or  Sexual relation or  We can explore find out more about  Things we've done before Whether it be kinky thoughts I'm gon' make your chonies drop Watch mister shorty rock I'll rock your sticky spot Hombre lumbre known to make it hot  I'll make you drip drop They call me Cum-a-lot I like 'em   [Chorus]  [Bridge] Melody  Para mi so sera Para ti sera para ti Empty eyes  Fue goden trode mi Say Latin girls Latin girls   Pasa senorita  You're a brown skin mama A yo mama sana wanna take you to Havana We could get down every day of the semana Dance to the music and follow the guitara Come on... Dame un mento y lo bevo con un beso Take you to Phillip-pines Then you don't have to spend a peso We got connections like a novel to a reader I can relate 'cause Latin girls look Filipina Check your history there's no mystery between us Destiny made it possible to be us I know about your culture 'cause it's mixed with mine We go together well just like beats and rhymes Tequilas and limes So let's combine And I'll say it one more time  I like them...  [Chorus]",Black Eye Peas
Sexy,"I took your picture, with one particular reason and its to capture your character, I like to sit and stare at 'cha Ain't nothin wrong with starin' at cha Girl don't be scared at the fact that I envision us getting married  And I ain't tryin' to rush nuttin' 'Cuz I ain't rushin' It'll take a time like ""What's them things that move slow you know them...damn.. I can't think 'cuz you on my mind..."" And when you on my mind I can't find anything to rhyme with rhyme I gotta rhyme rhyme with mixture And speakin' of mixture With you I wanna get mixed up I'm like a record and your like a record So let's let the DJ mix us You're like an elixir That's got me tipsy, This is just like ripplets Believe it or not girl but I love you  [Chorus:] Girl you really got me goin' Outta control I don't know what I'm doin' Let's let it go And do what we do best Take off our clothes We look better undressed  [Bridge x2] Let's get sexy  Let's get sexy Sounds so good  Sounds so good Fightin' is rightin' Fightin' is rightin' Let's get sexy  It's so much more exciting  For you I'm a fanatic I'm a addict Your sexy antics turn me on like automatic No need to get dramatic But I gotta have it (Gimme gimme gimme gimme)  Gimme some of them sexual acrobatics Kama Sutra girl, anything that suits you girl Things you ain't used to girl Come over here and let me show you just how we will do it I'm a freak and you knew it Your a freak and I knew it Baby let's get to it  [Chorus]  Its called the S E X X X X  (Yes yes yes!)  You take me to ecstasy Without takin' ecstasy It's exactly like ecstasy When you layin' right next to me I'm sexin' you Sexin' you You sexin' me  Sexin' me It feels so damn natural What we doin' so naturally I'm likin' you rubbin' me  And you likin' me rubbin' you Da passions emaculate While you lovin' me lovin' you I put L-O-V-E in you I love me puttin' me in you Make love to you Just like Sergio Mendez play piano",Black Eye Peas
Fly Away,"When the world changes you adjust So on this joint right here we about to take flight y'all   Check it out y'all, check it out y'all Yo buddy what you gonna do Give it up give it up yeah What we came to do Show these people how we do it Mix it up mix it up yeah It's Black Eyed Peas y'all So check it out   You're here, so gone, This dusk as sudden night turns to dawn I know you've already been here too long Too long too long Although you won't see me fall from grace You step on my soul as you walk away My demons you'll never know I'm letting you go  [Chorus]  Fly away now Give it up give it up Get back on that truck  Got to keep movin'  Keep rappin' it up Mix it up mix it up Before the next stop You got to go now And fill up your cup Fly away now fly away now Switch it up switch it up Go hop on that bus No need to blow the horn I'll be tough, hey   You take a piece of me With you forever but darling I see  The world is who you belong to, not me So I set you free   [Chorus]  I be fallin' up, never fallin' down 'Cause I spread my wings  And I glide around town I let you go I know this  Find your home I miss you so Spread your wings let it flow Oh oh oh oh...   I be fallin' up, never fallin' down Cause I keep it on a high level, elevated ground   Live it up live it up Get back on that truck Got to keep movin' you rappin' it up Mix it up mix it up Before the next stop You got to go now  And fill up your cup   Got to get goin' Fly away now Gettin' goin' now Fly away now   Switch it up switch it up Go hop on that bus No need to blow the horn I'll be tough, hey   Get back on that truck Got to keep movin' you rappin' it up Mix it up mix it up Before the next stop You got to go now  And fill up your cup   Got to get going Fly away now Taking flight now Oh oh oh oh...   Switch it up switch it up Go hop on that bus No need to blow the horn  I'll be tough, ahhhhhh Flip it up flip it up Taking flight now  Oh oh oh oh... Getting going baby Switch it up switch it up Taking flight now  Oh oh oh oh... Live it up live it up Fly away now Switch it up  Fly away now Taking flight baby Oh oh oh oh... Doin' what right now Oh oh oh oh...",Black Eye Peas
The Boogie That Be,"Yo-you hear them sirens?  I know you hear 'em Don't get scared That ain't five-o No that's the funk yo' Yeah Don't act like you didn't know No It's just the way it goes Yeah When you're messin' with the funk Yeah You pump it in your trunk Yeah You know it's what you want Yeah  So just bump da bump da bump bump it up  [Chorus] Bounce boo to the boogie that be You know I want you to come boogie with me We can dip left slide right all night It's time to be wild freestyle  It's on and poppin'  Ain't no stoppin' Us from rockin'  From tonight till ten o'clock in the morning Got neighbours knockin'  Turn it down F*ck them go call the cops and watch them kids Walk in start boppin' heads to what that beat they droppin' He play funk, punk, and hip-hoppin' breakin' laws yeah Cultures shockin' We be pop lockin' and mashin' I get down and groove to cuts Check my art of movin' butts Now these cats are scared to dance This beat next  Ooh There's my chance Come on girl  Let's go out and dance on the floor  Ha  [Chorus]  We can dance and dance, dance Said we can dance and dance, dance I wanna dance and dance, dance Oh we can dance and dance, dance  Fergie's chillin' Always illin' The way I make ya' sway Y'all feelin' That's how it is get down and jam If ya'll don't understand Check it He rock makin' Street block shakin' Love life's great when it's house quakin' Speakers thumpin' the whole joint jumpin' Disco funkin' get your booty bumpin' This beat's bangin' I'm rap talkin' Sweet spit slangin' keep your feet hoppin' Dirty dancin' nasty naughty Move that chassie Pump it hottie  Cause when I hear music I just lose it I wanna do it with you And when I hear music I get into it I wanna do it with you  Ha  [Chorus]  We can dance and dance, dance Said we can dance and dance, dance I wanna dance and dance, dance Oh we can dance and dance, dance  Come on  Freak freak Ha Freak to the beat Ha Yeah Freak freak Ha Freak to the beat Ha Yeah freak freak It sound sweet Ha Yeah freak freak  And do it to the beat Ha  Y'all What the hell y'all come here for If y'all ain't out there on that floor Ya' asked me to bring it Hey I brought a little more I give it to ya' raw Give it to ya' hard core  Not contaminated  I'm gonna keep this pure Just for y'all for y'alls pleasure 'Cause all I wanna do is have a ball y'all Get on the floor y'all Freak freak y'all  [Chorus]",Black Eye Peas
The Apl Song,"La pit m-ga kai bigan At making kayo A ko may da la da lang Bali taga ling saba yanko Na is kung y pama hagi Ang m-ga kwento Ang m-ga pang ya yari nagaga nap Sa lu pang pinnang a ko  Yo, every place has a ghetto This is my version of it Check it out Listen closely all I got a story to tell Version of my ghetto when life felt for real Some would call it hell, to me it was heaven God gave me the grace amazing ways of living How would you feel if you had to catch a meal To live to eat to chill and Havin' to pump the water out of the ground The way we put it down utilizing what's around Like land for farm and river for fish Everyone help each other whenever they can We makin' it happen, nothing to something We be surviving back in the homeland  La pit m-ga kai bigan At making kayo A ko may da la da lang Bali taga ling saba yanko Na is kung y pama hagi Ang m-ga kwento Ang m-ga pang ya yari nagaga nap Sa lu pang pinnang a ko  It's been a while but I been back to my home, to my homeland And this be what's going on Man it feels good to be back at home (back at home) It's been a decade and a journey all along I was fourteen when I first left Philippines Been away half my life and it felt like a dream To be next to my mom with her home cooked meal Man I felt complete, my emotions I feel Now life has changed for me in the U.S. But back at home man, life was a mess I guess sometimes the life stresses get you down On your knees Oh brother wish I could have helped you out Help me...  La pit m-ga kai bigan At making kayo A ko may da la da lang Bali taga ling saba yanko Na is kung y pama hagi Ang m-ga kwento Ang m-ga pang ya yari nagaga nap Sa lu pang pinnang a ko",Black Eye Peas
Anxiety,"I feel like I wanna smack somebody Turn around and bitch slap somebody But I ain't goin' out bro  (No, no, no) I ain't givin' into it (No, no, no) Anxiety bashed my mind in Terrorizing my soul like Bin Laden But I ain't fallin' down bro (No, no, no) I ain't givin in to it (No, no, no) Shackled in chains My soul feels stained I can't explain  Got a itch on my brain Lately my whole brain Lately my whole aim is to maintain And regain control of my mainframe My blood's boilin' it's beatin' out propane My train of thoughts more like a runaway train I'm in a fast car drivin' in the fast lane In the rain and I might just hydroplane  [Chorus:] I don't fear none of my enemies And I don't fear bullets from uzi's I've been dealin' with somethin' that's worse then these That'll make ya' fall to your knees And that's the...  Anxiety The sane and the insane rivalry Paranoia's brought me to my knees Lord please, please, please Take away my anxiety The sane and the insane rivalry Paranoia's brought me to my knees Lord please, please, please Take away my anxiety  My head keeps runnin' away my brother The only thing makin' me stay my brother But I won't give into it bro (No, no, no) Gotta get myself back now God I can't let my mind be trapped by enemies My own Got's to find my inner wealth Grasp a hold of my thoughts  I can't get lost I can't give into it now (No, no, no) Emotions are trapped on lock Got my brain stuck Going through the motions  Only I know what's up  I'm filled up with pain tryin' to gain my sanity  Everywhere I turn it's embedded in front of me Nowhere to go gotta shake this anxiety Got me feelin' strange Paranoia took over me And it's weighin' me down  And I can't run any longer Knees to the ground  [Chorus]",Black Eye Peas
Where Is the Love?,"What's wrong with the world, mama People livin' like they ain't got no mamas I think the whole world's addicted to the drama Only attracted to things that'll bring the trauma  Overseas, yeah, we tryin' to stop terrorism But we still got terrorists here livin' In the USA, the big CIA The Bloods and The Crips and the KKK  But if you only have love for your own race Then you only leave space to discriminate And to discriminate only generates hate And when you hate then you're bound to get irate, yeah  Madness is what you demonstrate And that's exactly how anger works and operates Man, you gotta have love, this'll set us straight Take control of your mind and meditate Let your soul gravitate to the love, y'all, y'all  People killin', people dyin' Children hurt and you hear them cryin' Can you practice what you preach? And would you turn the other cheek?  Father, Father, Father help us Send some guidance from above 'Cause people got me, got me questionin' Where is the love? (Love)  Where is the love? (The love) Where is the love? (The love) Where is the love? The love, the love?  It just ain't the same, old ways have changed New days are strange, is the world insane? If love and peace is so strong Why are there pieces of love that don't belong?  Nations droppin' bombs Chemical gasses fillin' lungs of little ones With ongoin' sufferin' as the youth die young So ask yourself is the lovin' really gone  So I could ask myself really what is goin' wrong In this world that we livin' in people keep on givin' in Makin' wrong decisions, only visions of them dividends Not respectin' each other, deny thy brother A war is goin' on but the reason's undercover  The truth is kept secret, and swept under the rug If you never know truth then you never know love Where's the love, y'all, come on (I don't know) Where's the truth, y'all, come on (I don't know) Where's the love, y'all  People killin', people dyin' Children hurt and you hear them cryin' Can you practice what you preach? Or would you turn the other cheek?  Father, Father, Father help us Send some guidance from above 'Cause people got me, got me questionin' Where is the love? (Love)  Where is the love? (The love) Where is the love? (The love) Where is the love? (The love) Where is the love? (The love) Where is the love? (The love) Where is the love? (The love) Where is the love? The love, the love?  I feel the weight of the world on my shoulder As I'm gettin' older, y'all, people gets colder Most of us only care about money makin' Selfishness got us followin' the wrong direction  Wrong information always shown by the media Negative images is the main criteria Infecting the young minds faster than bacteria Kids wanna act like what they see in the cinema  Yo', whatever happened to the values of humanity Whatever happened to the fairness and equality Instead of spreading love we're spreading animosity Lack of understanding, leading us away from unity  That's the reason why sometimes I'm feelin' under That's the reason why sometimes I'm feelin' down There's no wonder why sometimes I'm feelin' under Gotta keep my faith alive 'til love is found Now ask yourself  Where is the love? Where is the love? Where is the love? Where is the love?  Father, Father, Father, help us Send some guidance from above 'Cause people got me, got me questionin' Where is the love?  Sing with me y'all One world, one world (we only got) One world, one world (that's all we got) One world, one world And something's wrong with it (yeah) Something's wrong with it (yeah) Something's wrong with the wo-wo-world, yeah We only got (One world, one world) That's all we got (One world, one world)",Black Eye Peas
Let's Get It Started,"Let's get it started, in here  And the base keep runnin' runnin', and runnin' runnin', and runnin' runnin', and runnin' runnin', and Runnin' runnin', and runnin' runnin', and runnin' runnin', and runnin' runnin', and  In this context, there's no disrespect, so When I bust my rhyme, you break your necks We got five minutes for us to disconnect From all intellect collect the rhythm effect Obstacles are inefficient, follow your intuition Free your inner soul and break away from tradition Coz when we beat out, girl it's pullin' without You wouldn't believe how we wow shit out Burn it 'til it's burned out Turn it 'til it's turned out Act up from north, west, east, south  Everybody, everybody, let's get into it Get stupid Get it started, get it started, get it started Let's get it started (ha), let's get it started in here Let's get it started (ha), let's get it started in here Let's get it started (ha), let's get it started in here Let's get it started (ha), let's get it started in here Yeah  Lose control, of body and soul Don't move too fast, people, just take it slow Don't get ahead, just jump into it Y'all hear about it, the Peas'll do it Get stutted, get stupid You'll want me body people will walk you through it Step by step, like you're into new kid Inch by inch with the new solution Transmit hits, with no delusion The feeling's irresistible and that's how we movin'  Everybody, everybody, let's get into it Get stupid Get it started, get it started, get it started Let's get it started (ha), let's get it started in here Let's get it started (ha), let's get it started in here Let's get it started (ha), let's get it started in here Let's get it started (ha), let's get it started in here Yeah  Runnin' runnin', and runnin' runnin', and runnin' runnin', and runnin runnin' and  C'mon y'all, let's get koo-koo, uh-huh Let's get koo-koo (in here) I like it koo-koo, uh-huh, let's get koo-koo (in here) I like it koo-koo, uh-huh, let's get koo-koo (in here) oh, oh, oh Ya, ya, ya, ya, ya, ya, ya, ya, ya, ya, ya, ya, ya, ya, ya  Let's get ill, that's the deal At the gate, we'll bring the bugged-out drill (just) Lose your mind this is the time Y'all test this drill, just and bang your spine (just) Bob your head like me APL de, up inside your club or in your Bentley Get messy, loud and sick Y'all mount past slow mo in another head trip (so) Come then now do not correct it, let's get ignant let's get hectic  Everybody, everybody, let's get into it Get stupid Get it started, get it started, get it started Let's get it started (ha), let's get it started in here Let's get it started (ha), let's get it started in here Let's get it started (ha), let's get it started in here Let's get it started (ha), let's get it started in here, yeah  Koo-koo ah ah ah  Koo-koo (in here) let's get koo-koo  Koo-koo (in here) Koo-koo ah ah  Koo-koo (in here) ah ah ah, ow, ow, ow Ya, ya, ya, ya, ya, ya, ya, ya, ya, ya, ya, ya, ya, ya, ya  Runnin' runnin', and runnin' runnin', and runnin' runnin', and runnin' runnin', and runnin' runnin'",Black Eye Peas
Let's Get It Started [*],"Let's get it started, in here  And the base keep runnin' runnin', and runnin' runnin', and runnin' runnin', and runnin' runnin', and Runnin' runnin', and runnin' runnin', and runnin' runnin', and runnin' runnin', and  In this context, there's no disrespect, so When I bust my rhyme, you break your necks We got five minutes for us to disconnect From all intellect collect the rhythm effect Obstacles are inefficient, follow your intuition Free your inner soul and break away from tradition Coz when we beat out, girl it's pullin' without You wouldn't believe how we wow shit out Burn it 'til it's burned out Turn it 'til it's turned out Act up from north, west, east, south  Everybody, everybody, let's get into it Get stupid Get it started, get it started, get it started Let's get it started (ha), let's get it started in here Let's get it started (ha), let's get it started in here Let's get it started (ha), let's get it started in here Let's get it started (ha), let's get it started in here Yeah  Lose control, of body and soul Don't move too fast, people, just take it slow Don't get ahead, just jump into it Y'all hear about it, the Peas'll do it Get stutted, get stupid You'll want me body people will walk you through it Step by step, like you're into new kid Inch by inch with the new solution Transmit hits, with no delusion The feeling's irresistible and that's how we movin'  Everybody, everybody, let's get into it Get stupid Get it started, get it started, get it started Let's get it started (ha), let's get it started in here Let's get it started (ha), let's get it started in here Let's get it started (ha), let's get it started in here Let's get it started (ha), let's get it started in here Yeah  Runnin' runnin', and runnin' runnin', and runnin' runnin', and runnin runnin' and  C'mon y'all, let's get koo-koo, uh-huh Let's get koo-koo (in here) I like it koo-koo, uh-huh, let's get koo-koo (in here) I like it koo-koo, uh-huh, let's get koo-koo (in here) oh, oh, oh Ya, ya, ya, ya, ya, ya, ya, ya, ya, ya, ya, ya, ya, ya, ya  Let's get ill, that's the deal At the gate, we'll bring the bugged-out drill (just) Lose your mind this is the time Y'all test this drill, just and bang your spine (just) Bob your head like me APL de, up inside your club or in your Bentley Get messy, loud and sick Y'all mount past slow mo in another head trip (so) Come then now do not correct it, let's get ignant let's get hectic  Everybody, everybody, let's get into it Get stupid Get it started, get it started, get it started Let's get it started (ha), let's get it started in here Let's get it started (ha), let's get it started in here Let's get it started (ha), let's get it started in here Let's get it started (ha), let's get it started in here, yeah  Koo-koo ah ah ah  Koo-koo (in here) let's get koo-koo  Koo-koo (in here) Koo-koo ah ah  Koo-koo (in here) ah ah ah, ow, ow, ow Ya, ya, ya, ya, ya, ya, ya, ya, ya, ya, ya, ya, ya, ya, ya  Runnin' runnin', and runnin' runnin', and runnin' runnin', and runnin' runnin', and runnin' runnin'",Black Eye Peas
Third Eye,"Mmmmmmmm... La la la la la la la la la la la La la la la la la la la la la la La la la la la la la la la la la Mmmmmmmm...  He was fooling me once before But I tell you there's no fooling me twice no more 'Cause when I open up my third eye, third eye Gotta get away wit' murder, wit' murder He was fooling me once before But I tell you there's no fooling me twice no more So stop your oppression, oppression Check it out I got a question, a question  Bush is Pinnochio, Pinnochio Who the Hell is Gepetto, Gepetto? Beware of Gepetto  'Cause he got knives and clips and a dagger that's shit with two crucifix And he's got ya back won't flinch if ya two brother has an at Christmas Welcome to the valley of the beast where they sing in harmony where I speak no peace Keepin' an eye on a fella your cheddar, things that ain't really for the better I could point out odd behaviour to keep your meal from the poisonous flavour Then would you call, I can't say let me make your mind so you're in the door danger He can sell sand to Iran Ice to an Eskimo Water to a dam He can put a killer up for sale The one who taught him how to stab  He was fooling me once before But I tell you he ain't fooling me twice no more 'Cause when I open up my third eye, third eye Gotta get away wit' murder, wit' murder Know what I'm saying?  Can't fool me again I'm here to games to late I know your kind Don't fall down again Won't trip on games you like I know your kind  You can fool me once (no no) But you can't fool me two times (no no) 'Cause I got three eyes (yeah yeah) One up from the left side (yeah yeah) The other from the right side (yeah yeah) One eye on the inside (yeah yeah) And I can see you outside (no no) Trying to come in  La la la la la la la la la la la (you can't fool me) La la la la la la la la la la la (you can't do me) La la la la la la la la la la la (you can't run through me) Mmmmmmmmm... La la la la la La la la la la Sometimes we need to change, to change, to change Leave the past behind Leave the past behind or shall we...look into the future? Look ahead That's right",Black Eye Peas
21 Questions,"New York City You are now rocking, with 50 Cent You gotta love it  I just wanna chill and twist the lah Catch stunts in my 7-45 You drive me crazy, shorty, I Need to see you and feel you next to me I provide everything you need and I Like your smile I don't wanna see you cry Got some questions that I got to ask and I Hope you can come up with the answers babe  Girl, it's easy to love me now Would you love me if I was down and out? Would you still have love for me? Girl, it's easy to love me now Would you love me if I was down and out? Would you still have love for me girl?  If I fell off tomorrow would you still love me? If I didn't smell so good would you still hug me? If I got locked up and sentenced to a quarter century Could I count on you to be there to support me mentally? If I went back to a hoopty from a Benz, would you poof and disappear Like some of my friends? If I was hit and I was hurt would you be by my side? If it was time to put in work would you be down to ride? I'd get out and peel a nigga cap and chill and drive I'm asking questions to find out how you feel inside If I ain't rap 'cause I flipped burgers at Burger King Would you be ashamed to tell your friends that you feelin' me? In the bed if I used my tongue would you like that? If I wrote you a love letter would you write back? Now we can have a lil' drink, you know a nightcap And we could go do what you like, I know you like that (like that)  Girl, it's easy to love me now Would you love me if I was down and out? Would you still have love for me? Girl, it's easy to love me now (woo) Would you love me if I was down and out? Would you still have love for me girl?  Now would you leave me if your father found out I was thuggin'? Do you believe me when I tell you, you the one I'm loving? Are you mad 'cause I'm asking you twenty-one questions? Are you my soulmate? 'Cause if so, girl you a blessing Do you trust me enough, to tell me your dreams? I'm staring at ya trying to figure how you got in them jeans If I was down would you say things to make me smile? I treat you how you want to be treated just teach me how If I was with some other chick and someone happened to see? And when you asked me about it I said it wasn't me Would you believe me? Or up and leave me? How deep is our bond if that's all it takes for you to be gone? We only humans girl we make mistakes, to make it up I do whatever it take I love you like a fat kid love cake You know my style I say anything to make you smile  Girl, it's easy to love me now Would you love me if I was down and out? Would you still have love for me? Girl, it's easy to love me now Would you love me if I was down and out? Would you still have love for me  Could you love me in a Bentley? (Girl) Could you love me on a bus? I'll ask twenty-one questions, and they all about us Could you love me in a Bentley? Could you love me on a bus? I'll ask twenty-one questions, and they all about us",50 Cent
P.I.M.P.,"I don't know what you heard about me But a bitch can't get a dollar out of me No Cadillac, no perms, you can't see That I'm a motherfucking P-I-M-P  I don't know what you heard about me But a bitch can't get a dollar out of me No Cadillac, no perms, you can't see That I'm a motherfucking P-I-M-P (now, shorty)  Now shorty, she in the club, she dancing for dollars She got a thing for that Gucci, that Fendi, that Prada That BCBG, Burberry, Dolce & Gabbana She feed them foolish fantasies, they pay her 'cause they want her I spit a little G, man, and my game got her A hour later have that ass up in the Ramada Them trick niggas in her ear saying they think about her I got the bitch by the bar trying to get a drink up out her She like my style, she like my smile, she like the way I talk She from the country, think she like me 'cause I'm from New York I ain't that nigga trying to holla 'cause I want some head I'm that nigga trying to holla 'cause I want some bread I could care less how she perform when she in the bed Bitch, hit that track, catch a date, and come and pay the kid Look baby this is simple, you can't see You fucking with me, you fucking with a P-I-M-P  I don't know what you heard about me (woo) But a bitch can't get a dollar out of me No Cadillac, no perms, you can't see That I'm a motherfucking P-I-M-P  I don't know what you heard about me But a bitch can't get a dollar out of me No Cadillac, no perms, you can't see That I'm a motherfucking P-I-M-P  I'm 'bout my money you see, girl, you can holla at me If you fucking with me, I'm a P-I-M-P Not what you see on TV, no Cadillac, no greasy Head full of hair, bitch, I'm a P-I-M-P Come get money with me if you curious to see How it feels to be with a P-I-M-P Roll in the Benz with me, you could watch the TV From the backseat of my V, I'm a P-I-M-P Girl, we could pop some champagne and we could have a ball We could toast to the good life, girl, we could have it all We could really splurge, girl, and tear up the mall If ever you needed someone I'm the one you should call I'll be there to pick you up if ever you should fall If you got problems I can solve 'em, they big or they small That other nigga you be with ain't 'bout shit I'm your friend, your father, and confidant, bitch  I don't know what you heard about me But a bitch can't get a dollar out of me No Cadillac, no perms, you can't see That I'm a motherfucking P-I-M-P  I don't know what you heard about me But a bitch can't get a dollar out of me No Cadillac, no perms, you can't see That I'm a motherfucking P-I-M-P  I told you fools before, I stay with the tools I keep a Benz, some rims, and some jewels I holla at a ho 'til I got a bitch confused She got on Payless, me? I got on gator shoes I'm shopping for chinchillas in the summer, they cheaper Man, this ho you can have her, when I'm done I ain't gon' keep her Man, bitches come and go, every nigga pimping know This ain't a secret, you ain't gotta keep it on the low Bitch, choose on me, I'll have you stripping in the street Put my other hoes down, you get your ass beat Now Niki my bottom bitch, she always come up with my bread The last nigga she was with put stitches in her head Get your ho out of pocket, I'll put a charge on a bitch 'Cause I need four TVs and AMGs for the six Ho make a pimp rich, I ain't paying, bitch Catch a date, suck a dick, shit, trick  I don't know what you heard about me (yeah) But a bitch can't get a dollar out of me (woo) No Cadillac, no perms, you can't see (uh-huh) That I'm a motherfucking P-I-M-P  I don't know what you heard about me (uh-huh) But a bitch can't get a dollar out of me (yeah) No Cadillac, no perms, you can't see That I'm a motherfucking P-I-M-P  Yeah, in Hollywood they say, ""There's no business like show business"" In the hood they say, ""There's no business like ho business"", you know? They say I talk a little fast, but if you listen a little faster I ain't got to slow down for you to catch up, bitch Yeah",50 Cent
Disco Inferno,"Lil' momma show me how you move it Go 'head put ya back into it Do ya thing like they ain't nothing to it Shake sha sha shake that ass girl Lil' momma show me how you move it Go 'head put ya back into it Do ya thing like they ain't nothing to it Shake sha sha shake that ass girl  Go, go, go, 50 in the house, bounce Y'all already know what I'm about The flows sick over Dre drums nigga I ain't stupid I say doc then doe come quicker Whoa, shorty's hips is Hypnotic She move so sure erotic I watch her I'm like bounce that ass girl I get it crunk in here, I make it jump in here Front in here, we'll thump in here Oh! So gutter, so ghetto, so hood So gully, so grimey, what's good? Outside the Benzo on dubs I'm in the club wit the snubs Don't' start nothin' won't be nothin' uh  Lil' momma show me how you move it Better yet put ya back into it Do ya thing like they ain't nothing to it Shake sha sha shake that ass girl Lil' momma show me how you move it Better yet put ya back into it Do ya thing like they ain't nothing to it Shake sha sha shake that ass girl  Let's party, everybody stand up Everybody put ya hands up Let's party, everybody bounce to me Sip champagne and burn a lil' greenery It's hot, disco inferno Let's go your now rocking wit' a pro I get doe to flip doe to get mo fo sho Get my drink on then get on the dance floor Look homie I don't dance all I do is this It's the same two step wit a lil' twist Listen punk I ain't new to dis I'm true to dis Pay attention boy I'll teach you how to do the shit You mix a lil' Cris' wit' a lil' Don Perion And a lil' Hennessy you know we fittin' to carry on Hollering at these shawtys in the club trying to get right We gonn' be up in this bitch til we break daylight  Lil' momma show me how you move it Go 'head put ya back into it Do ya thing like they ain't nothing to it Shake sha sha shake that ass girl Lil' momma show me how you move it Go 'head put ya back into it Do ya thing like they ain't nothing to it Shake sha sha shake that ass girl  Ya see me shining lit up wit' diamonds 'Cause I stay grinding Homie you can catch me swooping Bentley coupin' Switching lanes You see me rolling you know I'm holding About my paper yeah Nigga I'm serious I ain't playing I'll embed it in ya brain I'm off the chain, G-unit! Next level now turn it up a notch Em and Dre sent me to tear up the spot Front on me, oh no! You know I""m loco Hands up on the dance floor okay let's go  Lil' momma show me how you move it Go 'head put ya back into it Do ya thing like they ain't nothing to it Shake sha sha shake that ass girl Lil' momma show me how you move it Go 'head put ya back into it Do ya thing like they ain't nothing to it Shake sha sha shake that ass girl",50 Cent
Candy Shop,"Yeah Uh-huh So seductive  I'll take you to the candy shop I'll let you lick the lollipop Go 'head girl don't you stop Keep going 'til you hit the spot, whoa  I'll take you to the candy shop (yeah) Boy, one taste of what I got (uh-huh) I'll have you spending all you got (come on) Keep going 'til you hit the spot, whoa  You could have it your way, how do you want it? You gon' back that thing up, or should I push up on it? Temperature rising, okay, let's go to the next level Dance floor jam-packed, hot as a tea kettle  I break it down for you now, baby it's simple If you be a nympho, I'll be a nympho In the hotel, or in the back of the rental On the beach or in the park, it's whatever you into  Got the magic stick, I'm the love doctor I ain't finished teaching you 'bout how sprung I got ya Wanna show me how you work it baby? No problem, get on top Then get your bounce around, like a little rider  I'm seasoned vet when it come to this shit After you work up a sweat you can play with this stick I'm trying to explain, baby, the best way I can I melt in your mouth girl, not in your hands, ha-ha  I'll take you to the candy shop I'll let you lick the lollypop Go 'head girl don't you stop Keep going 'til you hit the spot, whoa  I'll take you to the candy shop Boy one taste of what I got I'll have you spending all you got Keep going 'til you hit the spot, whoa  Girl what we do, what we do And where we do, and where we do The things we do, things we do Are just between me and you, yeah, oh yeah  Give it to me baby, nice and slow Climb on the top, ride like you in a rodeo You ain't never heard a sound like this before 'Cause I ain't never put it down like this  As soon as I come through the door, she get to pulling on my zipper It's like it's a race who could get undressed quicker Isn't it ironic how erotic it is to watch 'em in thongs? Had me thinking 'bout that ass after I'm gone  I touch the right spot at the right time Lights on, or lights off, she like it from behind So seductive you should see the way she whine Her hips in slow mo' on the floor when we grind  Long as she ain't stopping, homie I ain't stopping Dripping wet with sweat, man it's on and popping All my champagne campaign, bottle after bottle, it's on And we gon' sip 'til every bubble in every bottle is gone  I'll take you to the candy shop I'll let you lick the lollipop Go 'head girl don't you stop Keep going 'til you hit the spot, whoa  I'll take you to the candy shop Boy, one taste of what I got I'll have you spending all you got Keep going 'til you hit the spot, whoa  I'll take you to the candy shop I'll let you lick the lollypop Go 'head girl don't you stop Keep going 'til you hit the spot, whoa  I'll take you to the candy shop Boy, one taste of what I got I'll have you spending all you got Keep going 'til you hit the spot, whoa",50 Cent
Just a Lil Bit,"Yeah Shady Aftermath G-Unit  Damn baby all I need is a lil' bit A lil' bit of this, a lil' bit of that Get it crackin' in the club when you hear this shit Drop it like its hot, get to workin' that back Go shake that thang, yeah work that thang Let me see it go up and down Rotate that thang, I want to touch that thang Can you make it go 'round and 'round? I step up in the club, I'm like who you with G-Unit in the house, yeah that's my clique Yeah I'm young, but a nigga from the old school On the dance floor, a nigga doin' old moves I don't give a f*ck, I do what I wan' do I hit your ass up, boy I done warned you Better listen, when I talk, nigga don't trip Yo' heat in the car, mine's in this bitch I ain't tryna beef, I'm tryna get my drink on Got my diamonds, my fitted, and my mink on I'ma kick it at the bar 'til its time to go Then I'ma get shorty here and I'ma let her know  All a nigga really need is a lil' bit Not a lot baby girl just a lil' bit We can head to the crib in a lil' bit I can show ya how I live in a lil' bit I want to unbutton your pants just a lil' bit Take 'em off and pull 'em down a lil' bit Get to kissin' and touchin' a lil' bit Get to lickin' it, a lil' bit  This is 50, comin' out your stereos Hard to tell though, 'cause I switched the flow Eyes a lil' low, 'cause I twist the dro' Pockets on swoll 'cause I move the O's My neck, my wrist, my ears is froze Come get ya bitch, she on me dog She must of heard about the dough Now captain come on and save a hoe I get it crunk in the club, I'm off the chain Number one on the chart, all the time man When the kid in the house, I turn it out Keep the dance floor packed, that's without a doubt And shorty shake that thing like a pro man She back it up on me I'm like oh man I get close enough to her so I know she can hear System thumpin', party jumpin', I said loud and clear  All a nigga really need is a lil' bit Not a lot baby girl just a lil' bit We can head to the crib in a lil' bit I can show ya how I live in a lil' bit I want to unbutton your pants just a lil' bit Take 'em off and pull 'em down a lil' bit Get to kissin' and touchin' a lil' bit Get to lickin' it, a lil' bit  Baby you got me feelin' right (ya heard me) My mama gone, you can spend the night (ya heard me) I ain't playin', I'ma tryna f*ck tonight (ya heard me) Clothes off, face down, ass up, c'mon  All a nigga really need is a lil' bit Not a lot baby girl just a lil' bit We can head to the crib in a lil' bit I can show ya how I live in a lil' bit I want to unbutton your pants just a lil' bit Take 'em off and pull 'em down a lil' bit Get to kissin' and touchin' a lil' bit Get to lickin' it, a lil' bit  All a nigga really need is a lil' bit Not a lot baby girl just a lil' bit We can head to the crib in a lil' bit I can show ya how I live in a lil' bit I want to unbutton your pants just a lil' bit Take 'em off and pull 'em down a lil' bit Get to kissin' and touchin' a lil' bit Get to lickin' it, a lil' bit",50 Cent
Outta Control,"Yeah, Shady, Aftermath I guess you didn't know I, be, back for more Every-body's, on the floor Goin' goin' outta control Set it off on yo' left, dog Set it off on yo' right, dog Set it off Nigga I said set it off  Sick with it, boy better get with it, what? In the club I get it goin', goin', uh Just movin' to the music it's on And the sounds of 50 and D-R-E Everything's calculated and sound precise Another move another mill', let's get right aight? Success is my drug of choice, I'm high off life Feelin' lucky enough to bet it all on the dice Shorty do what you wanna do, hit the dancefloor And move how you wanna move, later on We can cruise if you wanna cruise, it's whatever you want The fact is I got more than I flaunt, yeah  I do my thang, in the club Every chance I get, I tear it up Dancefloor jampacked, look I got 'em goin' goin' outta control Set it off on yo' left, dog Set it off on yo' right, dog Set it off Nigga I said set it off  System thumpin', dancefloor jumpin' We 30 deep in this bitch, we stuntin' That's what you get, you in my hood I thought you understood, you know me V.I.P., no ID Bottles of DP, I do it real B-I-G Bitches break their neck to be where I be Take 'em to ecstasy, without ecstasy I'm a chef you need the hit I got the recipe Doc got the antidote, it's in the drums and the notes Can you feel it? Em said for me to make you feel it And remind you that you rockin' with the realest  I do my thang, in the club Every chance I get, I tear it up Dancefloor jampacked, look I got 'em goin' goin' outta control Set it off on yo' left, dog Set it off on yo' right, dog Set it off Nigga I said set it off  I'm hot boy, I'm burnin' up I do my thang in the club with the burner tucked 'Til the speakers all blown, we gon' turn it up And do that damn thang, yeah do that mayne Shorty, hit me high then hit me low Get to poppin' and shakin' that thing on the flo' A little dose of it, now I want some more Nobody put that thang on me like that before I be a fiend for it, it's the way you move But I ain't payin' for it, cause I ain't no fool If you okay with it, tonight I stay with it Hit the telly play with it in a major way get it  I do my thang, in the club Every chance I get, I tear it up Dancefloor jampacked, look I got 'em goin' goin' outta control Set it off on yo' left, dog Set it off on yo' right, dog Set it off Nigga I said set it off",50 Cent
Window Shopper,"Oh The top feel so much better than the bottom So much better  Nigga, you's a window shopper Mad at me, I think I know why Nigga, you's a window shopper In the jewelry store lookin' at shit you can't buy Nigga, you's a window shopper In the dealership tryin' to get a test drive Nigga, you's a window shopper Mad as f*ck when you see me ride by  Summertime, white Porsche Carrera is milky I'm on the grind, let my paper stack but I'm filthy It's funny how niggas get to screw-facin' at me Anyhow they ain't got the heart to get at me I'll get down, Southside's the hood that I come from So I don't cruise through nobody hood without my gun They know the kid ain't gon' for all that bullshit Try and stick me, I'ma let off a full clip It ain't my fault you done fucked up your re-up At the dice game, who told you put a G up? Everybody mad when their paper don't stack right But when I come around y'all niggas better act right When we got the tops down, you can hear the systems thump Nigga, when we rollin', rollin', rollin' Shut your block down, quick to put a hole in a chump Nigga, when we rollin', rollin', rollin'  Nigga, you's a window shopper Mad at me, I think I know why Nigga, you's a window shopper In the jewelry store lookin' at shit you can't buy Nigga, you's a window shopper In the dealership tryin' to get a test drive Nigga, you's a window shopper Mad as f*ck when you see me ride by  Niggas love me in L.A. as soon as I pop in They come to scoop me up at LAX and I hop in Now when it comes to bad bitches you know I got them Some from Long Beach, some from Watts and from Compton You know a nigga wanna see how Cali girls freak off After that five hour flight from New York I start spittin' G at a bitch like a pimp, mane Tell her, ""Meet me at the Mondrian so we can do our thang"" She can bring the lingerie with her, I suppose Then we can go from fully dressed to just havin' no clothes Then she can run and tell her best friend 'bout my sex game Then her best friend could potentially be next, mane Listen mane, shit changed, I came up, I'm doin' my thang Homie, I'm holdin', holdin', holdin' Oh shit, mane, the store owner watchin' you Before somethin' get stolen, stolen, stolen  Nigga, you's a window shopper Mad at me, I think I know why Nigga, you's a window shopper In the jewelry store lookin' at shit you can't buy Nigga, you's a window shopper In the dealership tryin' to get a test drive Nigga, you's a window shopper Mad as f*ck when you see me ride by",50 Cent
Ayo Technology,"Something special, unforgettable, 50 Cent (cent), Justin (tin), Timbaland (land), god damn (damn)  She she, she want it, I want to give it to her She know that, it's right here for her I want to, see you break it down I'm ballin', throwin' money around  She work it girl, she work the pole She break it down, she take it low She fine as hell, she about the dough She doing her thing out on the floor Her money money, she makin' makin' Look at the way she shakin' shakin' Make you want to touch it, make you want to taste it Have you lustin' for her, go crazy face it Now don't stop, get it, get it The way she shakin' make you want to hit it Think she double jointed from the way she splitted Got you're head fucked up from the way she did it She's so much more than you're used to She know's just how to move to seduce you She gone do the right thing and touch the right spot Dance in you're lap till you're ready to pop  She always ready, when you want it she want it Like a nympho, the info, I show you where to meet her On the late night, till daylight the club jumpin' If you want a good time, she gone give you what you want  Baby this a new age, you like my new craze Let's get together maybe we can start a new phase The smokes got the club all hazy, spotlights don't do you justice baby Why don't you come over here, you got me saying  Ayo, I'm tired of using technology Why don't you sit down on top of me Ayo, I'm tired of using technology I need you right in front of me  Ooh, she wants it, uh uh, she wants it Ooh, she wants it, uh uh (so), I got to give it to her Ooh, she wants it, uh uh, she wants it Ooh, she wants it, uh uh (so), I got to give it to her  Your hips, your thighs, you got me hypnotized, let me tell you Your hips, your thighs, you got me hypnotized, let me tell you Your hips, your thighs, you got me hypnotized, let me tell you Your hips, your thighs, you got me hypnotized, let me tell you  Got a thing for that thing she got The way she make it shake, the way she make it pop Make it rain for us so she don't stop I ain't got to move, I can sit and watch In her fantasy, there's plain to see Just how it be, on me, backstrokin', sweat soaking All into my set sheets When she ready to ride, I'm ready to roll I'll be in this bitch till the club close What should I do, one thing on all fours Now that that shit should be against the law From side to side, let the ride, break it down (down down) You know I like, when you hike and you throw it all around Different style, different move, damn I like the way you move Girl you got me thinking about, all the things I do to you Let's get it poppin' shorty we can switch positions From the couch to the counters in my kitchen  Baby this a new age, you like my new craze Let's get together maybe we can start a new phase The smokes got the club all hazy, spotlights don't do you justice baby Why don't you come over here, you got me saying  Ayo, I'm tired of using technology Why don't you sit down on top of me Ayo, I'm tired of using technology I need you right in front of me  Ooh, she wants it, uh uh, she wants it Ooh, she wants it, uh uh (so), I got to give it to her Ooh, she wants it, uh uh, she wants it Ooh, she wants it, uh uh (so), I got to give it to her  Your hips, your thighs, you got me hypnotized, let me tell you  Your hips, your thighs, you got me hypnotized, let me tell you  Your hips, your thighs, you got me hypnotized, let me tell you  Your hips, your thighs, you got me hypnotized, let me tell you",50 Cent
I Get Money,"I get money, I get money, I get I get I get money (50)  [Chorus] I get money, money is got (I I get it) I get money, money is got (I I get it) I get money, money is got (Yeah) Money I got, money is got (I run New York!) I get money, money is got (I I get it) I get money, money is got (I I get it) I get money, money is got (Yeah yeah) Money I got, money is got (I run New York!)  I take quarter water sold it in bottles for 2 bucks, Coca-Cola came and bought it For billions, what the f*ck? Have a baby by me; baby Be a millionaire I write the check before the baby comes, Who the f*ck cares I'm stanky rich I'ma die trying to spend this shit Southside's up in in this bitch Yeah i smell like the vault I used to sell dope I did play the block Now i play on boats In the south of France Baby, St. Tropez Get a tan? I'm already black Rich? I'm already that Gangsta, get a gat Hit a head in a hat Call that a riddle rap Shit, f*ck the chitter chat I'm the baker, i bake the bread The barber, i cut ya head The marksman, i spray the lead ""I blood clot, chop ya leg"" Do not f*ck with the kid I get biz wit the cigg I come where you live Ya dead!  [Chorus]  You can call this my new shit But it ain't new tho I got rid of my old bitch Now i got new hoes First is was the Benzo Now I'm in the Enzo, Ferrari, I'm sorry! I keep blowin up! (Oh!!) They call me the cake man The strawberry shake man I spray the AR Make your whole click break dance Backspin, head spin, flat line, ya dead then 9 shells, Mac-10, ""who wan get it cracking?!"" I was young, i couldn't do good Now i cant do bad I ride, wreck the new Jag I just buy the new Jag Now nigga why you mad? Oh you cant do that I'm so forgetful, they calling me cocky I come up out the jeweler, they calling me Rocky Its the ice on my neck man, the wrist and my left hand Bling like You like my style Ha ha 'm heading to the bank right now  [Chorus]  Yeah, I talk the talk, and I walk the walk Like a Teflon Don, but i run New York When i come outta court, yea i pop the Colt I keep it gangsta, have ya outlined in chalk I I get it, In the hood if ya ask about me They'll tell ya I'm bout my bread I I get it, Round the world if ya ask about me They'll tell ya they love the kid I I get it, Whoa hey I I get it, Whoa hey I I get it, Whoa hey Yeah, Whoa hey I run New York! Whoa hey I I get it, Whoa hey I I get it, Whoa hey Yeah, yeah, Whoa hey I run New York! Whoa I get money, money is got I'm back on the streets man, I get money, money is got I'm bringing the heat man, I get money, money is got I'm on my grind, Money I got, money is got Like all the time, I get money, money is got Trying to stop my shine, I get money, money is got Ill cock my 9 Don't get outta line, Money I got, money is got I said don't get outta line I I get it I I get it Yeah, yeah.",50 Cent
I'll Still Kill,"Oh, don't even look at me wrong When I come through the hood Ain't nothin' changed, still holla at my homies Oh, and when I hit the block, I still will kill  And I don't want, nigga, but I will If I got to kill If niggas get to fuckin' around If niggas get to fuckin' around  Respect come from admiration and fear You can admire me if you can catch one in your wig You see the Testarossa, the toaster's right on my lap So if a nigga get out of line, a nigga get clapped  I got an arsenal, a infantry, I'm built for this mentally That's why I'm the general, I do what they pretend to do Front on me now, nigga, I'll be the end of you Forget ya enemies and think of what'cha friends'll do  I drop a bag off, then let a mag off The Heckler & Koch'll tear half of your ass off I'm not for the games, I'm not for all the playin' The hollow tips rain when I unleash the pain  Get the message from the lions or get the message from the nine Paint a picture wit' words, you can see when I shine Put my back on the wall, nigga, watch me go for mine I let twenty-one shots off at the same time, yeah  Oh, don't even look at me wrong When I come through the hood Ain't nothin' changed, still holla at my homies Oh, and when I hit the block, I still will kill  And I don't want, nigga, but I will If I got to kill If niggas get to fuckin' around If niggas get to fuckin' around  Where I'm from death is always in the air homie Nanna love me so you know she say my prayers for me I come creepin' through the hood wearin' Teflon Hit the corners motherfuckers get left on  Niggas know, if not, they better check my background Try and stick me, I fill ya back wit' mac rounds Ask 'Preme nigga, 50 don't back down I keep it funky like fiends in a crack house  Cross the line, boy, I'mma air your ass out Screw ya face at me, I wan' know what that's 'bout Nigga, I know you ain't mad, I done came up And if you are, f*ck you 'cause I ain't change up  The O.G.'s wanna talk but I don't know these niggas And I ain't did no business wit' ?em, I don't owe these niggas A minute of my time, I get it 'cause I grind All across the globe like the world's mine, yeah  Oh, don't even look at me wrong When I come through the hood Ain't nothin' changed, still holla at my homies Oh, and when I hit the block, I still will kill  And I don't want, nigga, but I will If I got to kill If niggas get to fuckin' around If niggas get to fuckin' around  Konvict Now tell me have you ever looked up at an instance And seen a mac aimin' at'cha head, mayne? Before you know what life is flashin' and reminiscin?  Your body is drippin' and full of lead, mayne I done been there, I done cocked that It ain't never been a question, I'm 'bout that Don't go there, you can cock that  And if you plan to f*ck around then reroute that You'll never catch me ridin' around on these streets Without a couple metal pieces under my feet Fully automatic weapons and loaded wit' dumb-d's  Stashed up under the carpet like a can of Seabreeze 50 don't make me ride on these niggas 'Cause I will kill, dip and hide on these niggas 50 don't make me ride on these niggas 'Cause I'll be long gone like the Ripper  So don't even look at me wrong When I come through the hood Ain't nothin' changed, still holla at my homies Oh, and when I hit the block, I still will kill  And I don't want, nigga, but I will If I got to kill If niggas get to fuckin' around If niggas get to fuckin' around ",50 Cent
I Get It In,"Yeah, na, na, na, na Yeah, na, na, na, na  Now me, I'm the life of the party A little bit of juice, little bit of the gin A little bit of Moet, bottles of the Rose Feel a little buzz then I'm gettin' it in Now me, I get it in, I get it in Me, I get it in, I get it in Now me, I get it in, I get it in Me, I get it in, I get it in  Look as soon as I step in the club I swear, my nigga, you can feel the attention shift Started around twelve, ended up around two I better leave with more hoes than I came here with  I can't be responsible for what I say Or I do when I talk intoxicated Shorty say I told her I love her I put her out the next mornin' Sayin' bitch I must have been faded  I don't know what you heard about me But the word about me is that I'm no trick I'm no sucker, I'm no chump I be in the VIP with my niggaz 'round me Sayin' y'all can have whatever you want  Me, I get it in, Sunday, Monday, Tuesday Wednesday, Thursday, Friday, Saturday That's Sunday, Monday, Tuesday Wednesday, Thursday, Friday we get it in  I need a drink, give me a drink I need a drink, shorty, give me a drink I need a drink, give me a drink I need a drink, shorty, give me a drink  I hate to say I told you so But I told you so, I go hard when it's time to play Shorty get to droppin' it low Like the dancers do in the Go Go in front of me  She know I like to see her dance She get to breakin' it down, we get the bouncin' outta control Because I got a hell of a flow We got paper to blow my whole clique pop bottles galore  It's no secret the hood done peeped it When we come through, son, we look like bread My '89 grind make my old nine shine Like we been movin' bricks 'round this bitch for years  I say, I get it in it's because I get it in Now shorty there a eight but her friend near a ten I finna spend my G, she f*ck with me, I'm in to win I'm cooler than her ma, then we do this shit again  Me, I get it in Sunday, Monday, Tuesday Wednesday, Thursday, Friday, Saturday That's Sunday, Monday, Tuesday Wednesday, Thursday, Friday we get it in  I need a drink, give me a drink I need a drink, shorty, give me a drink I need a drink, give me a drink I need a drink, shorty, give me a drink  Na, na, na, na, now me, I'm the life of the party A little bit of juice, little bit of the gin A little bit of Moet, bottles of the Rose Feel a little buzz then I'm gettin' it in Now me, I get it in, I get it in Me, I get it in, I get it in Now me, I get it in, I get it in Me, I get it in, I get it in",50 Cent
How to Rob,"Yo, yo, yo, yo, yo, yo, y'all know who this is boy, for real The art of getting robbed This is how we do Brooklyn-style, boy, you know what I'm saying? R.I.P B.I.G, nigga R.I.P P.A.C, R.I.P I got my nigga 50 Cent, yo, this is how it feel, how to rob a industry nigga Don't take this shit 'cause we just buggin' the f*ck out Enough of that shit, it's time to O.D, one time But y'all could take it how you want it, word  Ayo the bottom line is I'm a crook with a deal If my record don't sell I'ma rob and steal You better recognize, nigga, I'm straight from the street These industry niggas is starting to look like something to eat I'll snatch Kim and tell Puff, ""You want to see her again? Dance your ass down to the nearest ATM"" I have dreams of fucking an R&B bitch But I wake up early and bounce with all her shit When I apply pressure, son, it ain't even funny I'm about to stick Bobby for some of that Whitney money Brian McKnight, I can get the nigga anytime Have Keith sweating, staring down the barrel on my nine Since these Harlem World niggas seem to all be fam I put the gun to Cardan, tell him, ""Tell your man"" Mason Betha, haha Come up off that watch now, I mean right now The only excuse for being broke is being in jail An entertainer can't make bail, he broke as hell I'd rob ODB, but that'd be a waste of time Probably have to clap him, run and toss the nine I'd follow Fox in the drop for four blocks Plotting to jux her for that rock Kurupt copped What Jigga just sold, like four milli? He got something to live for Don't wanna nigga putting four through that Bentley coupe door I'll manhandle Mariah like ""Bitch, get on the ground You ain't with Tommy no mo', who gon' protect you now?"" I been scheming on Tone and Poke since they found me Steve know not to wear that platinum shit around me I'm a klepto, nah for real, son, I'm sick I'm 'bout to stick Slick Rick for all that old school shit Right now I'm bent and when I get like this I don't think About to make Stevie J take off that tight ass mink I'll rob Pun without a gun, snatch his piece then run This nigga weigh four hundred pounds, how he gonna catch me, son?  This ain't serious Being broke can make you delirious So we rob and steal so our ones can be bigger 50 Cent, how it feel to rob an industry nigga? This ain't serious Being broke can make you delirious So we rob and steal so our ones can be bigger 50 Cent, how it feel to rob an industry nigga?  I'll catch P and Silkk the Shocker right after the Grammys And Will Smith and Jada ass down in Miami Run up on Timbaland and Missy with the pound Like, ""You, give me the cash, you, put the hot dog down"" I figured it out, niggas been robbing Joe before That's why his ass don't wanna be a player no more My attitude while robbing J.D.? ""F*ck you, pay me!"" Had Da Brat with 'em, should've had his gat with him DMX wanna get down, well, you tell, homie I'm on that Treach shit, I do my dirt all by my lonely I should rob Clue, man, his shit did well I wanna stick TQ, but his shit ain't sell I hit the studios, take niggas' jewels and leave Catch Rae, Ghost, and RZA for them funny ass rings Tell Sticky give me the cash before I empty three I'll beat your ass like that white boy on MTV Canibus wanna battle while I'm sticking him up F*ck the cab, the coroners picking 'em up Heavy tried to hide his shit, hey nigga I saw you He said ""Why you robbing me? I got nothing but love for ya"" Caught Juvenile for his Cash Money piece Told him I want it all, he said, ""Even my gold teeth?"" I caught Blackstreet on a back street in a black Jeep One at a time, get out and take off your shine Did you ever think that you would be this rich? Did you ever think that you would have these hits? Did you ever think that I'd flash the nine? And walk off with your shit like it's mine? I'ma keep sticking niggas until I'm living I'll rob Boyz II Men like I'm Michael Bivins Catch Tyson for half that cash like Robin Givens I'm hungry for real, I'm about to stick Mister Cee That nigga still eating off Big's first LP I had Busta and the whole Flipmode on the floor He asked me if I had enough, I told him, ""Gimme some more"" If you feeling this, Then wait for the sequel I gotta get Kirk Franklin for robbing God's people  This ain't serious Being broke can make you delirious So we rob and steal so our ones can be bigger 50 Cent, how it feel to rob an industry nigga? This ain't serious Being broke can make you delirious So we rob and steal so our ones can be bigger 50 Cent, how it feel to rob an industry nigga?  Yo, yo, for real son, this The Madd Rapper, you know what I'm saying? And for real, you know what I'm sayin'? Niggas just gotta get stuck up, yo, that's just how it goes down It don't matter if you an industry nigga or a regular nigga or a bitch It really don't matter if you got it and I need it I want it You know what I'm saying? That's just how it go down 50 Cent ain't fuckin' around, Trackmasters ain't fuckin' around Crazy Cat ain't fuckin' around, The Madd Rapper ain't fuckin' around You know what I'm saying? So watch your backs, watch your pocket book, watch your pockets Watch everybody on the train, watch everybody on the bus 'Cause we gonna get you whether you like it or not",50 Cent
